,.log_route,.log_thread,.log_time,.log_write,.log_blob,.log_auth0,.log_byte_length,.log_ssl_ver,.sessionID,.log_cdt,.log_priorlogcat,.log_bool,.log_write_date,.log_hardware_verifier
1,,,,,,,,,,,,,,
2,,,,,,,,,,,,,,
3,,,,,,,,,,,,,,
4,,,,,,,,,,,,,,
5,,,,,,,,,,,,,,
6,,,,,,,,,,,,,,
7,,,,,,,,,,,,,,
8,,,,,,,,,,,,,,
9,,,,,,,,,,,,,,
10,,,,,,,,,,,,,,
11,,,,,,,,,,,,,,
12,,,,,,,,,,,,,,
13,,,,,,,,,,,,,,
14,,,,,,,,,,,,,,
15,,,,,,,,,,,,,,
16,,,,,,,,,,,,,,
17,,,,,,,,,,,,,,
18,,,,,,,,,,,,,,
19,,,,,,,,,,,,,,
20,,,,,,,,,,,,,,
21,,,,,,,,,,,,,,
22,,,,,,,,,,,,,,
23,,,,,,,,,,,,,,
24,,,,,,,,,,,,,,
25,,,,,,,,,,,,,,
26,,,,,,,,,,,,,,
27,,,,,,,,,,,,,,
28,,,,,,,,,,,,,,
29,,,,,,,,,,,,,,
30,,,,,,,,,,,,,,
