,.ssl_uri,.ssl_length,.ssl_hashmap,.ssl_PKCS3DObj,.ssl_usr,.ssl_bool,.auth0,.sandboxAuth,.hardwareIdentifierAuth,.api_verifier,.api_returnCookie,.api_headerText,.SESSION_ID,.cdt,.api_Auth0
1,,,,,,,,,,,,,,,
2,,,,,,,,,,,,,,,
3,,,,,,,,,,,,,,,
4,,,,,,,,,,,,,,,
5,,,,,,,,,,,,,,,
6,,,,,,,,,,,,,,,
7,,,,,,,,,,,,,,,
8,,,,,,,,,,,,,,,
9,,,,,,,,,,,,,,,
10,,,,,,,,,,,,,,,
11,,,,,,,,,,,,,,,
12,,,,,,,,,,,,,,,
13,,,,,,,,,,,,,,,
14,,,,,,,,,,,,,,,
15,,,,,,,,,,,,,,,
16,,,,,,,,,,,,,,,
17,,,,,,,,,,,,,,,
18,,,,,,,,,,,,,,,
19,,,,,,,,,,,,,,,
20,,,,,,,,,,,,,,,
21,,,,,,,,,,,,,,,
22,,,,,,,,,,,,,,,
23,,,,,,,,,,,,,,,
24,,,,,,,,,,,,,,,
