,.cs_autorun_src,.cs_autorun_locale,.cs_autorun_param,.cs_autorun_bool,.cs_autorun_nextnode,.cs_autorun_nodepreparer,.cs_node_uri,.cs_autorun_nextnode_uri,.cs_autorun_nodebool,.cs_autorun_node_length,.cs_sandbox_auth0,.cs_autorun_tasker,.cs_autorun_task_assignment,.cs_autorun_token,.cs_autorun_ssl_auth0
1,,,,,,,,,,,,,,,
2,,,,,,,,,,,,,,,
3,,,,,,,,,,,,,,,
4,,,,,,,,,,,,,,,
5,,,,,,,,,,,,,,,
6,,,,,,,,,,,,,,,
7,,,,,,,,,,,,,,,
8,,,,,,,,,,,,,,,
9,,,,,,,,,,,,,,,
10,,,,,,,,,,,,,,,
11,,,,,,,,,,,,,,,
12,,,,,,,,,,,,,,,
13,,,,,,,,,,,,,,,
14,,,,,,,,,,,,,,,
15,,,,,,,,,,,,,,,
16,,,,,,,,,,,,,,,
17,,,,,,,,,,,,,,,
18,,,,,,,,,,,,,,,
19,,,,,,,,,,,,,,,
20,,,,,,,,,,,,,,,
21,,,,,,,,,,,,,,,
22,,,,,,,,,,,,,,,
23,,,,,,,,,,,,,,,
24,,,,,,,,,,,,,,,
25,,,,,,,,,,,,,,,
26,,,,,,,,,,,,,,,
27,,,,,,,,,,,,,,,
28,,,,,,,,,,,,,,,
29,,,,,,,,,,,,,,,
30,,,,,,,,,,,,,,,
31,,,,,,,,,,,,,,,
32,,,,,,,,,,,,,,,
33,,,,,,,,,,,,,,,
34,,,,,,,,,,,,,,,
35,,,,,,,,,,,,,,,
36,,,,,,,,,,,,,,,
37,,,,,,,,,,,,,,,
38,,,,,,,,,,,,,,,
39,,,,,,,,,,,,,,,
40,,,,,,,,,,,,,,,
41,,,,,,,,,,,,,,,
42,,,,,,,,,,,,,,,
43,,,,,,,,,,,,,,,
44,,,,,,,,,,,,,,,
45,,,,,,,,,,,,,,,
46,,,,,,,,,,,,,,,
47,,,,,,,,,,,,,,,
48,,,,,,,,,,,,,,,
49,,,,,,,,,,,,,,,
50,,,,,,,,,,,,,,,
51,,,,,,,,,,,,,,,
52,,,,,,,,,,,,,,,
53,,,,,,,,,,,,,,,
54,,,,,,,,,,,,,,,
