,.cs_main,.cs_main_locale,.cs_main_bool,.cs_autorun,.cs_autorun_locale,.cs_autorun_bool,.cs_auth,.cs_cache_provision,.cs_token,.cs_heuristics,.cs_heuristics_locale,.cs_heuristics_bool,.cs_db,.cs_db_bool,.cs_db_auth0,.cs_db_auth0_directiv
1,,,,,,,,,,,,,,,,
2,,,,,,,,,,,,,,,,
3,,,,,,,,,,,,,,,,
4,,,,,,,,,,,,,,,,
5,,,,,,,,,,,,,,,,
6,,,,,,,,,,,,,,,,
7,,,,,,,,,,,,,,,,
8,,,,,,,,,,,,,,,,
9,,,,,,,,,,,,,,,,
10,,,,,,,,,,,,,,,,
11,,,,,,,,,,,,,,,,
12,,,,,,,,,,,,,,,,
13,,,,,,,,,,,,,,,,
14,,,,,,,,,,,,,,,,
15,,,,,,,,,,,,,,,,
16,,,,,,,,,,,,,,,,
17,,,,,,,,,,,,,,,,
18,,,,,,,,,,,,,,,,
19,,,,,,,,,,,,,,,,
20,,,,,,,,,,,,,,,,
21,,,,,,,,,,,,,,,,
22,,,,,,,,,,,,,,,,
23,,,,,,,,,,,,,,,,
24,,,,,,,,,,,,,,,,
25,,,,,,,,,,,,,,,,
26,,,,,,,,,,,,,,,,
27,,,,,,,,,,,,,,,,
28,,,,,,,,,,,,,,,,
29,,,,,,,,,,,,,,,,
30,,,,,,,,,,,,,,,,
31,,,,,,,,,,,,,,,,
32,,,,,,,,,,,,,,,,
33,,,,,,,,,,,,,,,,
34,,,,,,,,,,,,,,,,
35,,,,,,,,,,,,,,,,
36,,,,,,,,,,,,,,,,
37,,,,,,,,,,,,,,,,
38,,,,,,,,,,,,,,,,
39,,,,,,,,,,,,,,,,
40,,,,,,,,,,,,,,,,
41,,,,,,,,,,,,,,,,
42,,,,,,,,,,,,,,,,
43,,,,,,,,,,,,,,,,
44,,,,,,,,,,,,,,,,
45,,,,,,,,,,,,,,,,
46,,,,,,,,,,,,,,,,
47,,,,,,,,,,,,,,,,
48,,,,,,,,,,,,,,,,
49,,,,,,,,,,,,,,,,
50,,,,,,,,,,,,,,,,
51,,,,,,,,,,,,,,,,
52,,,,,,,,,,,,,,,,
53,,,,,,,,,,,,,,,,
54,,,,,,,,,,,,,,,,
55,,,,,,,,,,,,,,,,
56,,,,,,,,,,,,,,,,
57,,,,,,,,,,,,,,,,
58,,,,,,,,,,,,,,,,
59,,,,,,,,,,,,,,,,
60,,,,,,,,,,,,,,,,
61,,,,,,,,,,,,,,,,
62,,,,,,,,,,,,,,,,
63,,,,,,,,,,,,,,,,
64,,,,,,,,,,,,,,,,
65,,,,,,,,,,,,,,,,
66,,,,,,,,,,,,,,,,
67,,,,,,,,,,,,,,,,
68,,,,,,,,,,,,,,,,
69,,,,,,,,,,,,,,,,
70,,,,,,,,,,,,,,,,
71,,,,,,,,,,,,,,,,
72,,,,,,,,,,,,,,,,
