,.byte_length,.encoding_key,.hashmap,.route_provider,.api_verifier,.token_provider,.token_passphrase,.token_auth,.auth0,.auth_runtime,.base64,.hexidecimal,.bool,.header,.approved_ssl_schema,.usr,.cdt
1,,,,,,,,,,,,,,,,,
2,,,,,,,,,,,,,,,,,
3,,,,,,,,,,,,,,,,,
4,,,,,,,,,,,,,,,,,
5,,,,,,,,,,,,,,,,,
6,,,,,,,,,,,,,,,,,
7,,,,,,,,,,,,,,,,,
8,,,,,,,,,,,,,,,,,
9,,,,,,,,,,,,,,,,,
10,,,,,,,,,,,,,,,,,
11,,,,,,,,,,,,,,,,,
12,,,,,,,,,,,,,,,,,
13,,,,,,,,,,,,,,,,,
14,,,,,,,,,,,,,,,,,
15,,,,,,,,,,,,,,,,,
16,,,,,,,,,,,,,,,,,
